Shop Name,Latitude,Longitude
Layley Paints,6.9235644,79.8510646
Sisila Paint Stores,6.9418457,79.86454
A.H.S Hardware Stores,6.9348564,79.8559199
Lanley Decorators  Nippon Paint CCM,6.8849164,79.8669616
Lanley Paint Center,6.9018317,79.8529675
New Unic Paints,6.9165566,79.8778078
New Pradeepa Paint Centre,6.93493,79.8699379
Genuine Paints (Pvt) Ltd,6.9424198,79.8644726
Genuine Paint Centre,6.9478749,79.8723307
Mascon Paint,6.8667061,79.862705
Ceylon Paint Center,6.9338262,79.8658077
Nippon Paint Lanka (Pvt) Ltd,6.9101685,79.9023018
Ahmedsons,6.9415958,79.8643584
Dulux Company Showroom,6.8883922,79.8824233
R3 Paint Store,6.794851,79.9075018
dulux paint dealer,6.7140558,79.9066041
Savoy Paint Centre,6.8653379,79.8634651
Anusan Paint Center  Nippon Paints CCM,6.9414433,79.8652669
Western Paint Center,6.961019,79.8682261
Norex Paint shop,6.9131028,79.9104631
Multi Paints And Hardware,6.8492899,79.8833761
Akzonobel Paints Lanka (Pvt) Ltd,6.9232633,79.8528476
Nippon Hardware And Paints,6.8975925,79.857119
Enterprises,6.8860343,79.8599348
Evershine Paint Showroom,6.941588,79.8638399
Wapp Paints at lalsons,6.9061279,79.8511937
Roxy Paint Center,6.8655558,79.8633032
Trust Hardware and Paints (Pvt) Ltd,6.944428,79.8641475
Noor Trades,6.9385894,79.852908
Design Paints,6.8865148,79.8873891
Rock Paints,6.9217516,79.8545799
m.m.m.sahul hameed(pvt)ltd.,6.9387196,79.8531379
Mohamed Mahathum Paint Shop,6.9235207,79.8511771
Union Paint Shop (Pvt) Ltd.,6.9239945,79.8505051
J.k.Tin,6.930392,79.8757446
Yenud Paint Center,6.8609973,79.8949002
G.K. Paint House,6.9310677,79.8750861
PAINT SHOP KELANIYA,6.9582748,79.8904395
DUSAN PAINT CENTRE,6.9421617,79.8654103
Color Bank,6.876621,79.8903827
UNIQUE Enterprises,6.9304486,79.8772082
JAT Experience Center |Tech Center Nawala,6.8874012,79.8863652
Vision Paint and Hardware,6.9446092,79.8675317
nawala Sudu Aiya,6.8902066,79.8864454
Kotte Paint Centre,6.898126,79.9062517
MAHAJANA PAINT CENTRE,6.8764647,79.8903748
Brightway Paint,6.8667061,79.862705
Golden Paradise Paint (Pvt) Ltd,6.8835594,79.9024825
Multy Paints  Hardware Pvt Ltd,6.8459506,79.8660092
JAT Tech Center Kollupitiya,6.9090294,79.852436
Welikada Paint Shop,6.9083661,79.899005
Kumaru paints,6.8747609,79.8984213
Car Refinish Colour center,6.9198195,79.8595528
Asantha Tinker and Paint Garage,6.9657623,79.8757446
Sudath Paint Center,6.855954,79.9112745
Aruna Paint Center Decorative Showroom,6.8551879,79.890927
Mahanama Paint Center,6.8836346,79.9099398
New rainbow,6.8812034,79.8695329
Chathur Enterprises Paints,6.8762587,79.8903881
Robbialac paint shop - Kohuwala,6.8650984,79.8859408
Pasindu Hardware  Paint Centre,6.8854209,79.902199
Anushan Trading,6.9413804,79.8652724
Mekulu Paints,6.8886673,79.9026847
Pramithi Paint Works,6.8827833,79.8970064
Automotive Paint Shop,6.9206129,79.8969191
Aruna Paint Center,6.8564276,79.8920214
Dulanja Agencies (Pvt) Ltd - Nippon Paint Colour Creations,6.9107844,79.892254
Varna - වර්ණ,6.8888285,79.9029251
Robbialac Paint Shop - Dehiwala,6.8620487,79.8634562
Robbialac Paint Shop -Rathmalana,6.8229515,79.8712744
ANUSHA TRADING,6.9394625,79.8635845
THE COLOR FACTORY,6.9382229,79.8506115
The Hardware and Paint Centre Asala Steel (Pvt) Ltd,6.7995972,79.9251861
Colorcraft Lanka (Private) Limited,6.9391147,79.8520582
New Dodampe (Pvt) Ltd,6.875194,79.8909624
Granite and Marble villa (pvt) Ltd,6.8916399,79.8884871
Display Boards for Street Artists,6.911273,79.8605039
Convenia Paints and Hardware,6.9005024,79.8535084
Ashraf Brothers,6.9238894,79.8520083
Chamil Hardware  Nippon Paint CCM,6.8755109,79.8993199
Mirbaha Hardware Stores,6.8721218,79.8616954
JEYA DECOR,6.9430219,79.8636991
Artworld,6.8615675,79.8637715
ASIAN HARDWARE (PTE) LTD,6.9419197,79.860151
City Hardware,6.9353791,79.8527287
Darshana Paint House | CIC Dulux Paint Shops,6.9783229,80.0281544
Crystal palace hardware,6.9137053,79.8521193
D  S Paint Center,6.8524751,79.8760899
DOOR DECOR (PVT ) LTD.,6.9420681,79.8649959
HH Paint,6.883062,79.9021715
Sigma Enterprises,6.9357998,79.8661288
Elahi Hardware stores,6.9237691,79.8512036
Emtek Hardware,6.9418677,79.8606687
H C HARDWARE,6.8874483,79.8857841
S.S.K. Hardware  Electronicals,6.8841498,79.8792907
Techno Lanka hardware,6.8883708,79.8822003
GATEWAY HARDWARE (PVT) LTD,6.8687211,79.8826668
Elegant Hardware,6.8846352,79.8870698
Central Hardware Stores,6.882959,79.8691338
HILTON PAINTS  HARDWARE,6.9235807,79.851108
St.Anthony’s HOMEMART,6.8991635,79.8936723
Pamankada Hardware,6.8781921,79.872198
Pamankada Hardware - Stores,6.8812642,79.8750186
Laksevana Hardware,6.883494,79.8687101
Buddhika Hardware,6.9000447,79.8941734
"Quality Hardware, 378",6.8959665,79.8901638
BOB Hardware (Pvt) Ltd,6.8798141,79.8910153
New Hardware Store,6.9136232,79.8776684
Colombo Hardware Company,6.8788116,79.8751267
Janahitha Hardware,6.8779243,79.8765646
Serendib Hardware Stores,6.9394048,79.8602539
Kalubowila Hardware,6.8650621,79.8711402
Chandra Hardware Stores,6.941008,79.8651054
Rayen Electricals  Hardware,6.8935156,79.8705287
Aroosia Stores,6.8861171,79.8872645
New saraswathy Hardware Stores p.v.t,6.9360238,79.8663835
HYLAC Hardware,6.8930269,79.8557547
Kalyani Hardware Stores,6.9397795,79.8625637
Raniyo (Pvt) Ltd,6.8905743,79.8882776
Moon Hardware Centre,6.9406089,79.863638
N N Hardware,6.8875925,79.8830206
NARA Enterprises,6.8949944,79.8768758
Popular Hardware,6.9412154,79.8618889
Makgeon Hardware Centre,6.9399116,79.8646819
S.V HARDWARE STORES,6.9396253,79.8638725
New Mahajana Hardware  Electricals,6.8765593,79.8902983
China Hardware Colombo,7.857685,80.70625
St. Anthony's Hardware (Pvt) Ltd,6.9388733,79.866432
Lucky Hardware,6.9415798,79.8651705
HUSSAIN HARDWARE,6.9398054,79.8656645
Siripala Hardware,6.9299715,79.8754787
Ultimate Hardware Stores,6.9399458,79.8649095
DD HARDWARE STORE,6.9433842,79.8640381
NIRMALA TRADERS,6.9352987,79.8661745
Ceylon Hardware Trading (Pvt) Ltd,6.9392133,79.862559
A.C.Paul  Company Ltd.,6.935511,79.8663946
MAX CERAMICS (PVT) LTD,6.888652,79.886203
Platinum Hardware  Electricals,6.9330757,79.8637511
Amna hardware,6.9229054,79.8644813
New St. Anthony's Hardware Stores,6.9450181,79.8669857
Naleer Hardware,6.9251377,79.8675981
Hassims Hardware,6.9409699,79.8643121
Melban Hardware Pvt Ltd,6.9409805,79.8622467
Platinum Hardware (Pvt) Ltd,6.9401093,79.8655458
FB Hardware,6.9411679,79.8627056
Aqmar Hardware Centre,6.9395161,79.8635999
Husen Hardware,6.9384395,79.866495
Lucky Hardware Stores,6.9428519,79.8625313
Raiwin Hardware,6.9413251,79.8652874
M. M. Noorbhoy  Co (Pvt) Ltd,6.9246584,79.8505894
M.N. Hardware,6.8934169,79.8897711
Multy Tools  Hardware,6.9235988,79.8514421
Thilanka Hardware,6.9400089,79.8643732
Noorsons Hardware and Electrical,6.9271496,79.8620942
Al Reef Traders (pvt) Ltd,6.9362369,79.8528583
Aruna Hardware Stores,6.9394558,79.8628629
Paint and Paper (Pvt) Ltd,6.8742733,79.873401
Western Traders,6.9399727,79.8623005
Bismi trading Hardware,6.9269913,79.8649822
COLOMBO HARDWARE,6.9406355,79.8612956
crystal hardware pvt ltd,6.9390627,79.862023
Lanka Tools,6.9015855,79.8767147
Hardware house,6.94109,79.8629668
A.R.Hardware Centre,6.939284,79.8631362
Capital Hardware,6.9393934,79.8608798
Naufar Hardware Stores,6.9382888,79.8664924
Paints.lk,6.9556485,79.8909632
Kariyapperuma Hardware,6.8763962,79.8907782
The Adela Trading Company,6.9412414,79.8633631
Kamsons Trading Company (Pvt) Ltd - Showroom,6.9394183,79.8603711
Pettah Hardware Stores,6.9400929,79.8625927
Mayura Hardware,6.9402955,79.8626875
Yamama Hardware,6.9395953,79.8635687
Asmi Hardware,6.9382082,79.8665021
Best Lanka Hardware Stores (Pvt) Ltd,6.9306562,79.8775193
Global Hardware,6.9403328,79.8603046
New Wembly Trading ( PVT),6.9394998,79.8609973
Best Tools and Safty Holding,6.9372091,79.8661835
Colonial Engineering (Pvt) Ltd.,6.9407489,79.8651683
Richards Tools (Pvt) Ltd,6.9326912,79.8603116
Ariyaratne Trade Centre (Pvt) Ltd,6.9399461,79.8649679
A-Grade Hardware,6.9455713,79.8710747
Romax Hardware Centre,6.9387369,79.8569617
Yale Sri Lanka,6.8938957,79.8896036
Winway Tools Centre,6.9370089,79.8662051
S. M. Stores,6.930623,79.8777297
Sena Hardware Stores,6.8930148,79.8772198
Sudilana Hardware,6.8906001,79.889702
TSR Hardware Stores,6.9400337,79.8624397
YNS Paints  Hardwares (PVT) LTD.,6.9237475,79.8511588
JANASHAKTHE HARDWARE,6.9413768,79.8620013
S.A. Welgama House,6.9351219,79.8659773
J.J LANKA (Pvt),6.9392039,79.8602644
Dewdunu Hardware,6.9371997,79.9040605
Astro Hardware,6.9406907,79.8639483
Pathirana Hardware,6.815876,79.9269571
J.A Tools Corner,6.9361634,79.8662811
Good Luck Traders,6.941389,79.86494
KINGTONY LANKA TRADERS,6.9365319,79.8664901
Kailaash hardware centre,6.9406909,79.8646663
BUILDERS WORLD LANKA (PVT) LTD,6.9407934,79.8617732
Nemco Trading Centre,6.9396761,79.8625665
SMJ Enterprises,6.9407247,79.8641353
Sricorn,6.9391151,79.8627485
